School,Win.per,SOS,HomeW,HomeL,AwayW,AwayL,Pace,ORtg,FTr,ThreePAr,TS.per,TRB.per,AST.per,STL.per,BLK.per,eFG.per,TOV.per,ORB.per,FTperFGA,WinSOS,PPG,OPPG,GamesWon
Villanova NCAA,0.9,10.24,12,1,9,3,70.2,122.2,0.294,0.475,0.623,52.4,53.7,9.1,10.5,0.595,13.3,29.1,0.229,9.216,86.575,70.175,6
Duke NCAA,0.897,9.87,15,1,9,2,65.9,119.4,0.398,0.334,0.593,53.9,53.5,10.7,9,0.566,13.9,35.8,0.278,8.85339,79.25641026,64.15384615,6
North Carolina NCAA,0.825,11.76,16,0,6,5,72.6,116,0.348,0.303,0.55,58.2,58.9,9.7,9.7,0.519,13.4,41.3,0.244,9.702,84.425,70.6,6
Villanova NCAA,0.875,9.71,15,1,10,2,67.3,115.4,0.341,0.427,0.597,51.2,58.7,10.4,9.7,0.561,14.4,28,0.267,8.49625,77.95,63.575,6
Connecticut NCAA,0.8,8.63,14,3,6,4,65.5,108.9,0.383,0.343,0.562,50.2,50.3,10.7,15.2,0.515,15.2,30.4,0.298,6.904,71.825,63.225,6
Virginia NCAA,0.906,9.89,15,1,10,1,61.1,117.1,0.303,0.386,0.586,53.8,56.6,9.2,12.3,0.557,12.8,29.9,0.226,8.96034,71.84375,55.0625,6
Gonzaga NCAA,0.949,4.13,15,1,10,0,70.9,116.4,0.39,0.329,0.596,54.7,51.8,9.6,11.2,0.567,14.2,29.8,0.28,3.91937,82.61538462,61.48717949,5
Wisconsin NCAA,0.9,10.29,15,1,10,2,59.5,121.1,0.362,0.374,0.585,54.7,49.7,7.3,8.2,0.548,10.7,32.1,0.276,9.261,72.5,58.175,5
North Carolina NCAA,0.825,10.69,15,1,6,5,70.2,118,0.323,0.268,0.561,55.9,57.3,9.6,11.5,0.526,12.7,40.3,0.241,8.81925,82.775,70.025,5
Michigan NCAA,0.805,9.41,15,1,6,5,65.9,110.8,0.307,0.433,0.564,50.3,53.6,9.6,8.1,0.545,12.4,24.9,0.203,7.57505,73.63414634,63.31707317,5
Kentucky NCAA,0.725,9.9,16,2,5,5,65.9,112.4,0.518,0.276,0.543,56.6,44.4,7.1,14.9,0.5,14.5,41.4,0.353,7.1775,74.8,66.625,5
Texas Tech NCAA,0.813,7.61,17,1,6,3,67.7,107.5,0.335,0.355,0.569,51.5,51.3,10.7,15.3,0.537,16.1,28.5,0.244,6.18693,73.09375,59.28125,5
Kentucky NCAA,0.974,8.67,19,0,10,0,63.8,115.5,0.439,0.271,0.558,54.9,55,10.1,18.2,0.515,13.6,39.5,0.319,8.44458,74.35897436,54.30769231,4
Kansas NCAA,0.795,11.87,14,3,8,3,70.3,115.3,0.27,0.412,0.594,50.3,55.7,9.2,10.9,0.575,14.6,28.8,0.191,9.43665,81.38461538,71.87179487,4
Oregon NCAA,0.846,8.38,17,0,7,3,68.8,114.2,0.347,0.388,0.582,52.9,56.3,9.4,17.2,0.554,14.7,32.2,0.247,7.08948,78.87179487,65.76923077,4
Florida NCAA,0.923,8.54,17,0,10,2,62.9,111.1,0.424,0.346,0.552,53.8,53.9,11.2,8.6,0.522,14.5,34.7,0.283,7.88242,69.92307692,57.76923077,4
Oklahoma NCAA,0.784,11.14,14,1,7,5,71,111,0.33,0.407,0.573,51.4,52.8,9.3,12.6,0.543,15.8,31,0.238,8.73376,79.67567568,71.05405405,4
Wisconsin NCAA,0.789,10.19,14,3,8,3,63.3,115.7,0.426,0.391,0.575,51.1,50.5,7.6,8,0.533,11.2,28.1,0.318,8.03991,73.5,64,4
South Carolina NCAA,0.703,10.16,15,3,6,5,69.9,102.9,0.398,0.334,0.518,50.8,50.6,11,11.1,0.477,15.5,33.5,0.278,7.14248,73.16216216,65.24324324,4
Michigan State NCAA,0.692,10,12,4,7,4,63,109.7,0.327,0.35,0.55,53.9,63.7,8,12.6,0.532,14.9,33.4,0.207,6.92,71.1025641,63.64102564,4
Syracuse NCAA,0.622,9.75,13,4,3,7,64.9,106.7,0.354,0.421,0.533,49.3,55.8,12.4,12.6,0.501,15.3,33.4,0.243,6.0645,69.97297297,65.10810811,4
Loyola (IL) NCAA,0.842,1.81,14,1,9,4,66,108.4,0.319,0.357,0.602,51.3,59.7,9.6,6.8,0.577,17.3,21.8,0.231,1.52402,71.60526316,62.55263158,4
Michigan State NCAA,0.824,12.31,15,1,8,4,68.5,114.3,0.35,0.378,0.591,56.1,68.3,7.6,14.1,0.558,16.2,33.9,0.262,10.14344,78.82352941,65.52941176,4
Auburn NCAA,0.743,10.07,15,2,4,6,69.3,114,0.313,0.493,0.568,49.8,52.4,13.5,16.1,0.541,14.7,33,0.223,7.48201,79.57142857,68.11428571,4
Duke NCAA,0.784,9.71,15,1,6,5,70.7,118.5,0.346,0.363,0.586,55.5,57.6,10.4,12.4,0.559,14.7,38.6,0.246,7.61264,84.35135135,69.62162162,3
Arizona NCAA,0.895,7.41,17,0,8,3,66.5,114.7,0.471,0.259,0.575,56.8,52.3,10.8,9.8,0.535,14.2,34.5,0.338,6.63195,76.60526316,59.68421053,3
Kentucky NCAA,0.842,10.49,15,2,7,3,74.3,113.8,0.409,0.316,0.564,53.2,51.6,8.1,13,0.529,13.4,33.2,0.288,8.83258,84.86842105,71.47368421,3
Kansas NCAA,0.868,11.22,16,0,7,3,69.7,115,0.382,0.33,0.592,53.9,55.3,9.4,10.7,0.564,15.5,32.3,0.272,9.73896,81.28947368,67.63157895,3
Kansas NCAA,0.861,12.23,14,1,10,1,71.4,115.4,0.36,0.359,0.583,53,54.5,9.6,11.2,0.561,15.1,33.9,0.244,10.53003,83.19444444,71.88888889,3
Arizona NCAA,0.868,9.04,18,0,8,3,64.1,112.3,0.41,0.264,0.546,55.1,57.6,9,11.5,0.517,13.2,36.4,0.27,7.84672,72.86842105,58.55263158,3
Florida NCAA,0.75,11.01,9,1,8,4,70.1,110,0.402,0.366,0.556,51.3,47.2,10.7,11.8,0.516,14.6,31.8,0.293,8.2575,77.88888889,66.5,3
Virginia NCAA,0.784,11.12,15,0,5,6,61.5,115,0.321,0.284,0.58,53.2,57.2,8.7,10.2,0.548,13.2,29.8,0.241,8.71808,70.97297297,60.05405405,3
Gonzaga NCAA,0.921,5.12,15,1,10,1,65.2,120.3,0.387,0.317,0.606,55.5,57.2,9.1,8.4,0.584,13.9,34.1,0.267,4.71552,78.65789474,61.65789474,3
Texas Tech NCAA,0.73,9.6,17,1,4,6,68.5,108.2,0.393,0.335,0.555,52.6,54.9,10.3,12.8,0.52,15.4,32.3,0.276,7.008,74.56756757,64.78378378,3
Michigan State NCAA,0.763,9.38,12,4,7,3,66,113.3,0.337,0.363,0.573,53.7,62.2,10.2,13.4,0.545,14.7,32.2,0.239,7.15694,75.52631579,65.55263158,3
Notre Dame NCAA,0.842,7.02,17,2,7,2,63.7,120.4,0.367,0.376,0.612,49.8,54.9,10.4,9.1,0.583,12.9,27.9,0.272,5.91084,77.97368421,65.76315789,3
Michigan NCAA,0.757,9.65,13,2,7,4,62.5,117.5,0.349,0.401,0.592,50.1,55.6,8.2,6.3,0.557,12.7,28.6,0.266,7.30505,73.94594595,65.08108108,3
Louisville NCAA,0.75,8.98,15,4,7,3,65.6,104.5,0.387,0.314,0.512,51.8,47.7,11.9,14.4,0.477,14.4,34.7,0.258,6.735,68.97222222,59.83333333,3
Oregon NCAA,0.816,8.64,18,0,5,5,69.5,112.8,0.406,0.34,0.562,52.4,49.7,10.4,15.3,0.525,13.9,34.2,0.291,7.05024,78.68421053,68.78947368,3
Florida State NCAA,0.657,8.5,13,2,4,7,72.2,109.4,0.37,0.368,0.562,51.8,52.6,9.4,14,0.532,15.4,31.7,0.256,5.5845,80.17142857,72.88571429,3
Xavier NCAA,0.632,11.51,12,4,4,8,68.3,109,0.41,0.361,0.553,54.4,57,8.8,7.7,0.519,15.7,34.4,0.283,7.27432,74.63157895,71.34210526,3
Notre Dame NCAA,0.667,9.57,14,2,5,5,65,115.2,0.329,0.343,0.573,51.1,49.4,8.4,10.1,0.54,13.2,32.3,0.244,6.38319,75.11111111,70.58333333,3
Kansas State NCAA,0.676,8.74,14,3,6,5,66.6,106.3,0.338,0.368,0.56,47.4,54.4,11.9,9.3,0.525,15.3,25.5,0.248,5.90824,71.08108108,66.97297297,3
Dayton NCAA,0.703,5.34,13,4,7,4,65.4,109.6,0.406,0.319,0.555,52.7,51.9,9.1,7.3,0.524,15.5,34,0.277,3.75402,72.18918919,66.97297297,3
Duke NCAA,0.853,12.45,15,2,7,2,73.7,112.9,0.346,0.376,0.561,53.9,52.2,12.8,16.4,0.534,15,36.1,0.238,10.61985,83.5,67.55882353,3
Kentucky NCAA,0.818,10.44,17,1,8,2,67.9,112.6,0.425,0.298,0.574,56.6,52.1,8.8,14.2,0.533,15.9,36.5,0.314,8.53992,76.72727273,65.42424242,3
Gonzaga NCAA,0.909,4.49,17,0,9,1,71.6,124.1,0.36,0.353,0.627,54.3,55.9,10.5,13.4,0.596,12.8,30.6,0.276,4.08141,88.84848485,65.06060606,3
Purdue NCAA,0.719,11.96,15,0,6,6,66.3,113.9,0.294,0.445,0.557,53.8,53.9,9.7,13,0.527,13.5,34.9,0.215,8.59924,76.1875,66.8125,3
Louisville NCAA,0.838,4.8,16,2,9,2,69,117.4,0.412,0.351,0.562,52.1,54,14.5,12.5,0.535,12.8,37.1,0.272,4.0224,81.02702703,61.13513514,2
West Virginia NCAA,0.757,9.67,16,2,6,4,71.4,112.2,0.389,0.325,0.545,52.1,57.3,13.8,14.2,0.513,14.1,37.7,0.266,7.32019,81.45945946,66.67567568,2
Purdue NCAA,0.811,8.74,16,1,8,2,68.2,117.5,0.356,0.401,0.606,51.8,57.9,8.3,12.5,0.577,14,27.3,0.265,7.08814,80.37837838,65.7027027,2
Utah NCAA,0.743,7.42,16,1,6,5,62.6,113.5,0.432,0.372,0.588,53.7,57.6,9.5,13.5,0.557,16.1,31.6,0.303,5.51306,71.31428571,57.11428571,2
UCLA NCAA,0.861,6.39,16,1,8,2,74.2,121,0.268,0.376,0.618,52.4,63.7,7.9,12.5,0.598,13.4,28.9,0.198,5.50179,89.80555556,75.52777778,2
North Carolina NCAA,0.684,11.76,10,5,7,4,69.2,111.6,0.353,0.223,0.548,55.2,60.1,9.5,11.3,0.516,15.1,40,0.247,8.04384,77.71052632,68.84210526,2
Purdue NCAA,0.771,8.79,15,2,6,4,70,112.6,0.333,0.383,0.589,54.9,65.3,7.3,6.1,0.557,16.1,30.7,0.252,6.77709,79.71428571,68.37142857,2
West Virginia NCAA,0.703,9.36,14,3,5,5,70.6,113,0.313,0.384,0.543,52.5,54.2,11.5,15.9,0.504,13.3,36.5,0.24,6.58008,80.10810811,69.59459459,2
Baylor NCAA,0.771,11.87,15,2,6,4,65.3,111.5,0.338,0.328,0.562,56.5,59.1,7.9,13,0.53,17.1,40.2,0.244,9.15177,72.85714286,63.65714286,2
Indiana NCAA,0.771,6.9,17,0,6,4,69.1,119.2,0.338,0.409,0.612,54.9,54.8,9.9,9.8,0.587,16.7,37,0.248,5.3199,82.6,69.91428571,2
Wisconsin NCAA,0.73,9.4,15,2,5,5,64.5,110.7,0.329,0.369,0.542,54.7,51.9,10.3,9.8,0.521,14.3,35.7,0.212,6.862,72.37837838,62.37837838,2
Duke NCAA,0.694,10.59,15,3,5,4,68.4,117.7,0.405,0.398,0.573,49.5,48.6,9.1,9.8,0.537,12.2,33,0.293,7.34946,81.11111111,72.47222222,2
Michigan NCAA,0.684,10.17,15,3,3,8,63.8,116.5,0.301,0.451,0.601,47.9,52.6,9,7.4,0.57,12.8,24.5,0.234,6.95628,75.02631579,66.39473684,2
Oklahoma NCAA,0.686,9.94,14,1,5,6,67.4,105.2,0.328,0.338,0.532,51.1,48.6,10,12.9,0.493,15.1,31.5,0.243,6.81884,71.45714286,62.74285714,2
Miami (FL) NCAA,0.771,10.69,15,1,6,5,66.2,113.3,0.407,0.339,0.582,51.7,48.3,9.3,9.1,0.542,14.5,29.9,0.305,8.24199,75.22857143,67.4,2
Iowa State NCAA,0.778,9.88,15,1,4,6,71.7,113.9,0.364,0.375,0.569,51.1,62.4,8.2,7,0.542,12.6,28.8,0.252,7.68664,83.02777778,74.38888889,2
Texas A&M NCAA,0.757,8.45,17,1,5,5,68.8,109.6,0.381,0.373,0.542,53,61.8,10.1,10.5,0.512,14.3,33.8,0.256,6.39665,76.43243243,66.43243243,2
Gonzaga NCAA,0.865,2.59,15,1,10,1,69.8,118,0.321,0.394,0.593,56,50.1,8.9,9.6,0.57,13.9,32.4,0.227,2.24035,83.54054054,67.7027027,2
UCLA NCAA,0.757,7.62,16,2,5,5,70,115.1,0.382,0.275,0.579,51.2,59.3,13.1,9,0.541,12.7,29.8,0.286,5.76834,81.16216216,70.37837838,2
Virginia NCAA,0.811,7.86,15,2,7,4,60.6,108.8,0.42,0.297,0.542,54.7,56.6,8.6,12,0.508,13.8,33.2,0.283,6.37446,66.18918919,55.67567568,2
Arizona NCAA,0.865,7.63,15,1,9,1,67.3,113.8,0.405,0.305,0.58,55.1,51.3,8.1,8.8,0.537,14.5,33.1,0.31,6.59995,76.56756757,65.94594595,2
Butler NCAA,0.735,10.23,13,3,7,4,67.3,112.6,0.371,0.376,0.581,50.6,50,8.9,8.4,0.546,13.4,27.1,0.275,7.51905,76.32352941,68.85294118,2
Tennessee NCAA,0.649,7.84,14,3,4,7,62.8,114.2,0.416,0.308,0.545,56.2,50.9,8.2,12,0.503,13.7,39.8,0.299,5.08816,72.21621622,61.7027027,2
Kentucky NCAA,0.703,10.73,16,2,4,6,69.8,109.6,0.44,0.258,0.555,53.6,49,8,13.7,0.518,15.8,35.3,0.307,7.54319,76.75675676,70.24324324,2
Clemson NCAA,0.714,9.25,15,1,4,6,67.6,108.5,0.335,0.399,0.566,51.7,51.5,8.3,13.3,0.529,15.3,27,0.253,6.6045,73.82857143,65.91428571,2
Iowa State NCAA,0.657,10.16,14,2,4,7,71.5,113.1,0.261,0.351,0.59,49.7,53.1,8.6,9.8,0.571,14.1,26.1,0.183,6.67512,81.77142857,75,2
Gonzaga NCAA,0.778,4.23,11,4,9,2,68.1,115.4,0.34,0.355,0.587,55.2,49.6,7.5,7.7,0.553,14.7,32.3,0.258,3.29094,78.88888889,65.55555556,2
Maryland NCAA,0.75,8.31,16,1,4,6,67.3,112.1,0.384,0.381,0.594,51.9,51.7,8.6,13.9,0.555,16.6,28.6,0.295,6.2325,75.69444444,66.66666667,2
Baylor NCAA,0.684,10.11,13,4,5,5,64.2,115.1,0.45,0.344,0.556,54.8,58.7,8,14,0.521,14.7,40.6,0.306,6.91524,74.81578947,67.81578947,2
Wichita State NCAA,0.857,3.68,15,0,10,2,61.9,112.7,0.37,0.347,0.541,53.6,55.3,11.5,11.3,0.507,12.6,34.9,0.259,3.15376,70.28571429,57.37142857,2
Xavier NCAA,0.622,9.48,13,3,5,7,65.6,109.8,0.385,0.331,0.57,52.8,62.3,9,8.3,0.534,15.8,31.3,0.281,5.89656,73.2972973,67.35135135,2
Texas A&M NCAA,0.629,10.62,13,3,4,7,70.9,106,0.32,0.33,0.538,54.3,55.1,7.7,15.3,0.514,16.3,33.7,0.212,6.67998,75.17142857,70.48571429,2
West Virginia NCAA,0.714,9.29,12,3,5,5,68.7,104.9,0.404,0.336,0.499,52.1,56.7,15.5,8.7,0.461,15.1,40.2,0.267,6.63306,72.62857143,66.8,2
San Diego State NCAA,0.861,4.86,15,1,9,2,63.9,109.2,0.449,0.258,0.519,53.6,40.8,11.8,14.1,0.481,12.7,36.7,0.298,4.18446,70.27777778,57,2
Nevada NCAA,0.784,4.93,14,1,11,3,70.6,115.5,0.363,0.404,0.582,49.4,57,8.7,10.9,0.548,12,26.2,0.269,3.86512,82.56756757,73.05405405,2
North Carolina State NCAA,0.611,9.72,14,6,5,5,64.5,108,0.354,0.322,0.526,52.3,46.4,5.9,13.1,0.493,13.5,34,0.243,5.93892,70.13888889,65.75,2
Stanford NCAA,0.639,9,12,4,6,5,67.1,108,0.45,0.293,0.553,51.3,46.3,7.9,11.6,0.513,14.7,29.3,0.316,5.751,72.66666667,68.25,2
Wisconsin NCAA,0.629,9.4,13,5,6,5,64.1,105.1,0.38,0.342,0.524,52.3,49,9.1,8.6,0.485,14.6,33,0.267,5.9126,67.8,63.8,2
Syracuse NCAA,0.622,10.02,14,5,4,6,64.3,102.2,0.405,0.328,0.518,52.6,47.5,10.7,17.4,0.469,16.2,34.1,0.298,6.23244,66.64864865,63.78378378,2
UCLA NCAA,0.611,8.27,16,1,2,8,67.3,106.1,0.357,0.289,0.527,52.6,53.5,9.8,11,0.496,14.9,33.8,0.242,5.05297,71.94444444,68.13888889,2
Yale NCAA,0.767,-1.03,12,0,9,6,66.9,111.5,0.413,0.309,0.555,57.8,56.9,8.4,12.6,0.526,16.4,39.4,0.276,-0.79001,74.93333333,63.8,2
Michigan NCAA,0.824,10.89,17,1,7,4,65.4,107.6,0.27,0.402,0.545,50.2,54.2,9.4,10.6,0.521,12,24,0.189,8.97336,70.38235294,58.55882353,2
Tennessee NCAA,0.853,10.3,18,0,7,3,69.6,116.3,0.334,0.316,0.588,52.4,61,8.5,15.2,0.554,13.9,31.3,0.255,8.7859,81.79411765,68.64705882,2
Louisiana State NCAA,0.813,8.86,15,2,9,1,70.5,112.3,0.377,0.343,0.559,53.5,46.1,12.6,12,0.517,15.3,37.3,0.284,7.20318,81.375,73.03125,2
Florida State NCAA,0.794,10.63,15,1,6,4,69.2,106.7,0.363,0.383,0.547,53.3,49.8,9.9,12.5,0.507,16.5,33.1,0.269,8.44022,74.91176471,67.11764706,2
North Carolina NCAA,0.818,12.21,14,2,11,1,76.1,112.7,0.309,0.359,0.561,56.2,61.3,9.4,9.8,0.529,14.6,34.4,0.229,9.98778,86.06060606,72.93939394,2
Virginia Tech NCAA,0.75,7.98,14,2,5,5,64.3,114.2,0.315,0.45,0.595,52.1,59.6,10.3,8.7,0.564,15.4,29.7,0.238,5.985,74,62.09375,2
Houston NCAA,0.912,3.86,19,1,10,1,67.6,111.9,0.319,0.429,0.55,54.9,55.8,9.5,13.8,0.521,14.2,34.4,0.224,3.52032,75.61764706,61.23529412,2
Oregon NCAA,0.657,5.26,13,4,5,7,65.9,106.2,0.303,0.393,0.547,51.4,52.7,11.7,14.6,0.517,15.5,29.6,0.218,3.45582,70.48571429,62.94285714,2
Villanova NCAA,0.889,9.28,14,1,9,2,65.6,117.6,0.35,0.433,0.612,53,52.3,11,9,0.575,15,30,0.276,8.24992,77.19444444,62.66666667,1
Villanova NCAA,0.917,7.55,15,0,9,2,65,116.9,0.418,0.429,0.589,51.5,62.2,11.8,11,0.553,14,32.5,0.305,6.92335,76.5,60.91666667,1
Louisville NCAA,0.735,11.15,16,1,5,5,68.5,112,0.34,0.321,0.543,54.1,48.4,9.7,15.2,0.514,13.4,36.6,0.233,8.19525,77.29411765,65.97058824,1
Michigan State NCAA,0.857,7.1,16,1,8,1,68.2,117.2,0.359,0.363,0.601,57.6,67.6,6,18.5,0.569,16.4,36.8,0.268,6.0847,80.2,64.88571429,1
Virginia NCAA,0.882,7.81,15,1,11,1,58.6,110.8,0.349,0.275,0.543,56,53.5,9.3,13.3,0.506,13.4,34.2,0.254,6.88842,65.41176471,51.5,1
Duke NCAA,0.757,10.91,15,1,4,6,69.9,115.7,0.393,0.383,0.588,51.9,47.5,8.7,10.9,0.548,14.2,31.6,0.299,8.25887,80.83783784,70.18918919,1
Wichita State NCAA,0.861,2.96,16,1,9,1,69.4,116.7,0.401,0.364,0.579,56.1,59.1,9.4,11.4,0.543,13.9,34.2,0.294,2.54856,81,62.38888889,1
Virginia NCAA,0.676,10.93,12,4,7,5,60.3,107.9,0.26,0.33,0.548,52.3,56.4,9.1,13.9,0.524,13.7,28.2,0.184,7.38868,66.05882353,56.35294118,1
Iowa State NCAA,0.686,11.94,12,3,5,6,70.6,112.5,0.276,0.393,0.572,47.7,53.6,10.8,8.9,0.55,12.6,25.6,0.194,8.19084,80.82857143,72.25714286,1
Cincinnati NCAA,0.861,3.53,15,1,9,2,66.2,112.2,0.36,0.353,0.543,55.6,60.4,10.7,15.8,0.512,14.1,38.4,0.249,3.03933,74.25,57.52777778,1
Kansas NCAA,0.714,11.4,14,1,5,6,68.6,114.3,0.483,0.287,0.58,55.5,54.8,8.4,14.6,0.542,16.3,37.3,0.343,8.1396,78.97142857,70.11428571,1
Kentucky NCAA,0.75,8.84,17,0,4,7,68.2,115.3,0.378,0.31,0.564,53.6,49.8,8.3,14.1,0.535,13.3,36.8,0.261,6.63,79.47222222,68.08333333,1
North Carolina NCAA,0.703,11.78,12,3,6,5,71.7,113.4,0.28,0.351,0.551,56.4,61,8,11.1,0.52,14,37.4,0.208,8.28134,81.56756757,73.27027027,1
Ohio State NCAA,0.686,7.37,18,2,4,6,66,113.2,0.347,0.319,0.567,51.5,55.4,11.4,14.6,0.542,14.6,33.5,0.236,5.05582,75.28571429,62.97142857,1
Xavier NCAA,0.829,9.45,17,1,9,2,72.4,115.4,0.41,0.358,0.601,55.1,57.3,8,8.4,0.559,15.2,29.9,0.32,7.83405,84.37142857,74.74285714,1
Villanova NCAA,0.853,7.5,15,1,10,2,67.6,113.2,0.445,0.448,0.574,52.6,60.1,10.1,11.2,0.536,14.9,32.6,0.318,6.3975,77.97058824,66.5,1
Florida State NCAA,0.743,8.87,18,0,3,6,72.6,113.1,0.384,0.313,0.566,52.7,49.3,10.2,13.7,0.537,14.1,33.6,0.265,6.59041,82.08571429,72.08571429,1
Xavier NCAA,0.824,8.43,15,1,8,3,72.4,111.2,0.417,0.342,0.556,54.9,59.1,10,8.4,0.514,14.8,35.2,0.305,6.94632,80.5,70.35294118,1
Kansas NCAA,0.75,12.13,15,0,5,5,66.7,106.3,0.426,0.284,0.539,52.6,54.7,9.8,12.3,0.494,16.3,34.9,0.309,9.0975,71.13888889,64.80555556,1
Cincinnati NCAA,0.833,5.49,18,0,8,3,65.1,113.3,0.325,0.361,0.547,53.3,57.5,11.1,13.9,0.52,12.9,35.5,0.223,4.57317,74.27777778,61.33333333,1
Tennessee NCAA,0.743,10.12,13,2,8,4,67.1,109.3,0.355,0.357,0.549,51.4,62.1,9.4,12.8,0.508,15.2,33.3,0.269,7.51916,73.82857143,65.74285714,1
Creighton NCAA,0.771,7.17,16,0,7,4,65.3,120.6,0.339,0.446,0.616,51.7,64.2,6.1,3.8,0.589,13.3,27.7,0.252,5.52807,78.74285714,67.88571429,1
Notre Dame NCAA,0.722,9.78,16,2,5,4,67.7,113.8,0.286,0.406,0.573,48.7,57.8,10.4,9.7,0.536,12.3,27.3,0.229,7.06116,77.30555556,69.27777778,1
Ohio State NCAA,0.735,9.03,16,2,6,2,68,110.9,0.311,0.342,0.57,53.6,52.5,8.9,11.3,0.541,14.9,29.8,0.227,6.63705,76.20588235,67.55882353,1
Pittsburgh NCAA,0.722,7.54,13,5,7,2,62.4,113,0.443,0.269,0.55,54.5,62.9,11.1,8.6,0.507,13.7,37.3,0.315,5.44388,71.83333333,61.91666667,1
Wichita State NCAA,0.743,4.24,14,1,9,3,66.1,108.8,0.38,0.381,0.531,53.1,56.4,10.9,11.6,0.49,12.7,31.7,0.272,3.15032,72.42857143,59.02857143,1
Iowa NCAA,0.667,8.71,13,2,6,5,69.1,111.5,0.33,0.355,0.546,50.6,57.7,9.7,12.5,0.513,12.6,31.8,0.237,5.80957,77.60606061,69.3030303,1
Butler NCAA,0.6,10.55,14,3,3,7,69.7,110.9,0.261,0.374,0.57,51.3,47.9,9.3,8.2,0.54,13.9,27.1,0.202,6.33,78.94285714,72.57142857,1
Saint Mary's (CA) NCAA,0.853,2.19,15,2,10,1,61.3,117.6,0.278,0.414,0.602,57.2,63.1,6.9,8.5,0.578,15.2,33,0.207,1.86807,72.02941176,57.47058824,1
Florida NCAA,0.618,10.08,12,5,5,4,68.4,109.6,0.326,0.403,0.54,48.5,49.8,10.1,12.7,0.507,12.3,28.7,0.234,6.22944,75.79411765,69.20588235,1
Wichita State NCAA,0.972,1.74,17,0,12,0,64.5,116.1,0.472,0.367,0.569,55.3,54.8,10.6,15,0.526,13.6,35.1,0.342,1.69128,75.16666667,59.47222222,1
Butler NCAA,0.676,8.62,13,3,7,4,64.2,105.9,0.408,0.287,0.522,54.2,47.5,9.8,8.8,0.484,14.3,34.7,0.279,5.82712,69,60.97058824,1
Butler NCAA,0.667,7.55,13,3,5,5,69.8,114.1,0.393,0.305,0.564,52.3,51,9.8,8.9,0.526,12.5,32.1,0.287,5.03585,79.93939394,71.03030303,1
Syracuse NCAA,0.824,7.25,16,2,8,2,60.5,111.6,0.382,0.27,0.522,52.8,49.1,13.1,17.2,0.482,12.1,38.1,0.27,5.974,67.97058824,59.17647059,1
Houston NCAA,0.771,4.16,15,0,6,5,68.5,111.9,0.326,0.372,0.563,54.6,53,9.1,9,0.533,14.9,33.4,0.234,3.20736,76.71428571,64.88571429,1
Auburn NCAA,0.765,7.29,15,1,7,4,73.5,111.4,0.398,0.432,0.557,51.7,53.1,10.1,15.2,0.508,14.1,31.8,0.308,5.57685,81.85294118,73.17647059,1
Connecticut NCAA,0.694,6.28,14,3,6,4,66.2,108.9,0.296,0.336,0.555,51.1,51.8,8.7,14,0.516,14,28.3,0.235,4.35832,73.08333333,63.47222222,1
Iowa NCAA,0.647,8.39,14,4,7,4,64.5,107.4,0.38,0.302,0.527,52.9,58.7,9.9,13.1,0.481,14.4,35.6,0.282,5.42833,69.76470588,62.32352941,1
Oregon NCAA,0.706,8.05,15,3,5,5,69.9,115,0.438,0.337,0.583,50.7,53,10.9,8.7,0.535,14,32.2,0.338,5.6833,81.85294118,74.14705882,1
Seton Hall NCAA,0.647,10.11,14,3,5,6,71.1,110.9,0.352,0.33,0.558,53.1,54.3,8.6,9.1,0.529,15.2,34,0.246,6.54117,79.44117647,73.88235294,1
Gonzaga NCAA,0.806,5.36,15,0,8,4,68.1,114.1,0.404,0.328,0.59,52.3,54,9.7,10.2,0.56,15.2,30.6,0.286,4.32016,76.69444444,65.88888889,1
Utah NCAA,0.75,8.79,16,1,5,5,67.7,112.5,0.382,0.373,0.588,53.2,57,8.1,9.9,0.557,16,30.2,0.276,6.5925,77.16666667,69.5,1
Georgetown NCAA,0.667,9.81,13,3,5,4,64.6,108.1,0.439,0.325,0.552,52.2,53.4,11.6,14.1,0.513,16.4,34.3,0.309,6.54327,70.90909091,65.24242424,1
North Carolina NCAA,0.706,8.42,15,3,6,5,70,108.5,0.429,0.211,0.526,53.4,54.9,10.4,12.5,0.499,14.1,38.1,0.268,5.94452,76.58823529,69.76470588,1
Arkansas NCAA,0.75,6.79,17,2,7,5,70.1,109.6,0.373,0.31,0.539,50.2,59.2,10.9,12,0.5,14.3,35.7,0.27,5.0925,77.41666667,70.13888889,1
Arkansas NCAA,0.722,8.6,15,3,6,5,71.7,110.7,0.381,0.295,0.558,49.5,49.8,10.8,12.4,0.514,14.3,31.7,0.29,6.2092,79.30555556,73.86111111,1
Northwestern NCAA,0.667,8.43,14,4,5,5,66.6,106.8,0.304,0.357,0.534,50.6,59.1,7.9,13.2,0.497,13.8,30.7,0.227,5.62281,71.05555556,65.47222222,1
Virginia Commonwealth NCAA,0.694,4.35,15,2,7,4,69.9,109.7,0.322,0.333,0.539,52,51,12.2,9.8,0.51,13.6,32.6,0.223,3.0189,77.25,67.77777778,1
Michigan State NCAA,0.571,10.5,14,2,2,7,68.2,105.1,0.335,0.38,0.563,52.6,65.3,6.3,11.9,0.54,18,29.1,0.224,5.9955,71.85714286,68.68571429,1
Maryland NCAA,0.8,7.63,18,1,6,4,64.7,106.1,0.445,0.387,0.562,51.1,48.1,7.4,11.9,0.512,16.7,28.9,0.336,6.104,69.05714286,63.37142857,1
Memphis NCAA,0.706,7.14,15,2,5,5,70.6,108.2,0.399,0.275,0.547,51.5,61.7,12.2,11,0.522,15.8,35.6,0.257,5.04084,76.88235294,70.5,1
Rhode Island NCAA,0.714,4.62,13,3,7,5,67.4,108.8,0.392,0.323,0.538,51.8,51,9.6,15.7,0.507,14,32.8,0.262,3.29868,73.62857143,65.37142857,1
Texas NCAA,0.686,9.15,16,2,4,6,69.1,107,0.434,0.26,0.514,54.6,49.9,8.2,15.8,0.474,14.4,39.6,0.291,6.2769,74.22857143,70.71428571,1
Northern Iowa NCAA,0.886,2,16,0,9,3,57.4,111.9,0.398,0.399,0.593,51.9,53.2,10.2,7.8,0.559,15.9,27,0.292,1.772,65.17142857,54.62857143,1
Alabama NCAA,0.556,10.64,12,4,2,8,70.2,103,0.419,0.355,0.55,50.3,50.3,9,14.7,0.519,17.8,29.3,0.281,5.91584,72.33333333,70.63888889,1
Saint Joseph's NCAA,0.778,4.93,12,4,10,2,70.2,109.6,0.374,0.356,0.548,51.9,54.7,7.3,9.2,0.512,12.3,27.9,0.268,3.83554,77.22222222,70.05555556,1
Providence NCAA,0.686,8.46,13,4,7,4,69.8,104.4,0.373,0.371,0.523,49.4,62.4,9.3,8.9,0.48,13.9,30.3,0.27,5.80356,73.62857143,70.14285714,1
Rhode Island NCAA,0.765,4.61,15,1,7,4,69.2,108.9,0.301,0.32,0.539,50,54.5,10.5,9.5,0.511,13.1,30.8,0.209,3.52665,75.97058824,68.76470588,1
San Diego State NCAA,0.75,4.24,16,1,6,5,60.8,100.7,0.362,0.308,0.496,52.4,47.1,11.2,14.1,0.467,15.4,35.4,0.228,3.18,61.83333333,53.86111111,1
Saint Louis NCAA,0.794,4.24,14,3,11,1,67.4,102.4,0.404,0.322,0.533,51,58.1,10.9,9.9,0.494,16.2,29.4,0.281,3.36656,69.82352941,61.91176471,1
Southern California NCAA,0.722,6.4,14,3,6,5,70.1,111.2,0.368,0.366,0.56,50.3,56.4,9.9,13.3,0.522,13.7,30.9,0.273,4.6208,78.22222222,73.13888889,1
Oregon NCAA,0.722,7.65,17,2,6,4,68,109.3,0.286,0.339,0.557,50.9,51.2,8.3,11,0.524,14.7,30.8,0.217,5.5233,75.36111111,70.83333333,1
Dayton NCAA,0.75,4.06,16,0,5,6,64.2,105.1,0.482,0.382,0.565,48.6,60.5,10.8,7.2,0.53,16.1,23.3,0.33,3.045,67.75,60.83333333,1
Harvard NCAA,0.844,-0.47,11,1,11,3,64.6,111.6,0.48,0.283,0.564,52.1,57.1,11.6,13.4,0.519,15,32.8,0.347,-0.39668,73.21875,61,1
Middle Tennessee NCAA,0.861,-0.48,13,2,11,2,66.4,112.4,0.304,0.299,0.567,53.9,54.4,10.1,8.3,0.543,13.6,30.7,0.212,-0.41328,74.91666667,63.86111111,1
Hawaii NCAA,0.824,-1.04,16,3,7,2,71.6,107.2,0.449,0.379,0.555,53,58.8,10.5,10,0.52,15.8,31,0.307,-0.85696,77.05882353,66.67647059,1
Northern Iowa NCAA,0.639,4.44,11,3,6,8,64.1,106.2,0.34,0.427,0.572,46.8,50.5,8.8,7.7,0.535,14.2,17.6,0.257,2.83716,68.75,63.97222222,1
Buffalo NCAA,0.75,0.25,14,1,8,5,73.9,113.3,0.298,0.406,0.572,51.4,54,8.4,10.1,0.549,14.3,31.6,0.208,0.1875,84.63888889,76.16666667,1
Little Rock NCAA,0.857,-1.76,14,0,12,4,64.6,108.8,0.315,0.354,0.553,50.1,50.9,10.1,9.6,0.52,13.6,27.3,0.229,-1.50832,71.05714286,60.82857143,1
North Dakota State NCAA,0.788,-0.02,12,1,10,5,63.9,117.7,0.409,0.275,0.593,53.2,43,9.7,13.1,0.555,13.4,31.7,0.307,-0.01576,75.51515152,65.57575758,1
Georgia State NCAA,0.714,-2.03,12,1,8,8,64.3,109.8,0.383,0.278,0.563,48.9,53.1,14.1,13.5,0.527,14.2,30,0.277,-1.44942,71.4,62.4,1
Mercer NCAA,0.75,-3.42,17,1,9,7,65.7,115.8,0.384,0.367,0.582,52.9,59.7,8.6,11.8,0.547,14.7,34,0.282,-2.565,78.77777778,66.94444444,1
Stephen F. Austin NCAA,0.914,-6.76,15,0,14,2,65.5,115.2,0.402,0.36,0.561,53.8,62.3,11.1,8.6,0.525,14.2,38.4,0.286,-6.17864,76.02857143,63.4,1
Marshall NCAA,0.694,0.44,15,2,6,8,76.4,108.6,0.335,0.453,0.583,46.7,59,9.1,12.7,0.548,15.5,22.2,0.256,0.30536,83.80555556,79.13888889,1
Middle Tennessee NCAA,0.714,-0.7,11,3,8,6,69.1,104.7,0.355,0.354,0.537,51.4,50.1,8.9,9.9,0.518,15,29.1,0.218,-0.4998,72.54285714,68.85714286,1
Alabama-Birmingham NCAA,0.556,1.62,13,4,3,8,65.9,101.5,0.35,0.297,0.52,51,59.1,9.7,13,0.477,16.8,34.2,0.259,0.90072,68.77777778,68.11111111,1
Maryland-Baltimore County NCAA,0.694,-3.84,15,2,9,7,69.2,105.6,0.307,0.45,0.55,49.1,59.1,10.8,7.3,0.531,15.5,26.8,0.198,-2.66496,73.05555556,68.5,1
Stetson,0.353,-4.35,6,8,5,13,73.5,106.9,0.341,0.364,0.553,47.1,54,8.4,5.5,0.519,14.5,25.6,0.246,-1.53555,80.26470588,82.55882353,1
Citadel,0.367,-4.68,8,6,3,10,60.3,105.3,0.38,0.359,0.566,49.8,60.9,7.7,6.4,0.522,18.8,32,0.292,-1.71756,63.96666667,68.6,1
Kansas NCAA,0.735,12.81,16,0,3,8,70.3,106,0.329,0.35,0.552,51.7,48.8,9.6,11,0.523,16.1,29.7,0.23,9.41535,75.38235294,70.08823529,1
Washington NCAA,0.765,6.41,15,1,7,4,67.1,103.6,0.351,0.398,0.551,48.1,47.5,13.3,16.2,0.521,17.4,29.5,0.244,4.90365,69.82352941,64.38235294,1
Villanova NCAA,0.735,8.03,13,2,5,6,65.2,112.9,0.353,0.535,0.567,51.9,57.7,8.2,8.9,0.534,14.2,31.1,0.257,5.90205,74.47058824,67.08823529,1
Wofford NCAA,0.879,0.1,15,1,11,3,68.7,119.9,0.27,0.432,0.6,55,50.9,9.9,9.2,0.583,13.6,33.1,0.188,0.0879,83,65.60606061,1
Maryland NCAA,0.688,10.45,15,3,6,5,66.3,107.6,0.329,0.37,0.556,56.1,52.4,6.6,13.3,0.519,17,33.9,0.246,7.1896,71.34375,65.0625,1
Buffalo NCAA,0.912,2.18,14,0,12,3,74.7,113.2,0.322,0.434,0.561,52.5,55.5,9.8,10.5,0.536,13.5,31.8,0.223,1.98816,84.94117647,70.52941176,1
Central Florida NCAA,0.742,4.65,15,2,5,5,67.2,107,0.464,0.361,0.554,51.5,53.7,8.5,12.4,0.527,15.4,29.3,0.3,3.4503,72.12903226,64.29032258,1
Baylor NCAA,0.594,8.4,13,5,5,6,66.6,107.1,0.326,0.404,0.536,54.5,54.3,9.2,13.9,0.509,16.5,38,0.22,4.9896,71.65625,67.1875,1
Florida NCAA,0.559,11.11,9,6,5,6,64.8,104.2,0.303,0.434,0.532,49.6,51.1,11,11.3,0.499,15.5,31.1,0.218,6.21049,68.26470588,63.64705882,1
Iowa NCAA,0.667,9.82,14,4,4,6,70.3,110.6,0.423,0.39,0.568,50.7,60.2,8.7,9.3,0.526,15,30,0.313,6.54994,78.3030303,73.63636364,1
Oklahoma NCAA,0.594,11.79,11,4,5,7,69.8,101.6,0.314,0.333,0.531,50.4,48.9,8.5,8.5,0.502,15.4,26.1,0.217,7.00326,71.15625,68.21875,1
UC-Irvine NCAA,0.857,-2.99,12,2,13,2,66.3,108.4,0.295,0.321,0.544,55.1,49,8.5,11.1,0.517,14.9,34.3,0.206,-2.56243,72.88571429,63.31428571,1
Liberty NCAA,0.824,-5.21,16,1,11,3,65.3,113.3,0.258,0.435,0.597,51.7,54.8,9.8,8.2,0.571,15,25.9,0.199,-4.29304,74,60.76470588,1
Minnesota NCAA,0.618,11.19,14,3,2,9,68,103.7,0.42,0.288,0.522,51.8,60,7,10.3,0.483,15,31.7,0.286,6.91542,70.79411765,69.17647059,1
Ohio State NCAA,0.576,11.03,12,6,4,7,66.8,103.8,0.34,0.398,0.542,51,59,8.8,7.3,0.505,16.3,27.8,0.249,6.35328,69.63636364,66.21212121,1
Murray State NCAA,0.871,-4.45,15,1,10,3,71.7,116.1,0.333,0.368,0.59,52.6,59.8,10.6,11.7,0.56,14.7,32,0.246,-3.87595,83.29032258,67.77419355,1
Michigan State NCAA,0.829,6.94,14,2,7,3,67,118.3,0.3,0.356,0.588,58,71.3,6.6,12.9,0.563,14.6,36.4,0.218,5.75326,79.8,64.14285714,0
Virginia NCAA,0.912,9.07,16,1,10,1,60.6,110.4,0.245,0.35,0.555,51.2,54,11.2,12.3,0.527,12.3,26.9,0.184,8.27184,67.14705882,54,0
West Virginia NCAA,0.743,9.78,13,2,7,4,70.7,110.3,0.462,0.306,0.536,56.1,54.1,13.8,8.5,0.498,16.3,41.9,0.311,7.26654,78.54285714,66.71428571,0
Purdue NCAA,0.743,7.46,17,1,5,5,67.9,113.5,0.354,0.358,0.571,57.3,64.1,6.1,11.7,0.536,14.9,34.5,0.263,5.54278,77.88571429,65.17142857,0
Duke NCAA,0.743,8.48,17,0,4,5,65.5,119.4,0.388,0.397,0.574,51.5,54.8,10.6,7.4,0.538,12.1,34.5,0.283,6.30064,78.42857143,67.4,0
Oklahoma State NCAA,0.606,12.22,11,5,7,5,72.7,117.8,0.383,0.357,0.583,52.9,50.8,10.5,8.1,0.539,15.1,38.1,0.302,7.40532,85.6969697,78.45454545,0
Oklahoma State NCAA,0.618,8.34,13,3,3,7,69.5,112.8,0.497,0.338,0.569,48.8,51.6,10.8,12.2,0.524,12.9,28,0.357,5.15412,80.23529412,69.55882353,0
Arizona NCAA,0.735,7.23,17,1,5,5,69.8,112.8,0.438,0.294,0.575,56.5,51.3,6.8,11.3,0.536,15.7,34.9,0.316,5.31405,80.44117647,68.88235294,0
Southern Methodist NCAA,0.857,4.45,18,0,8,3,63.7,116.6,0.36,0.365,0.574,56.3,61.9,9,11.1,0.547,14.3,37.1,0.251,3.81365,74.25714286,60,0
Iowa State NCAA,0.735,9.15,15,1,6,5,69.8,111.4,0.365,0.368,0.571,50.5,58.1,9.2,9.7,0.543,13.9,28.3,0.254,6.72525,77.79411765,69,0
Baylor NCAA,0.706,9.33,16,2,6,5,62.8,109.2,0.386,0.334,0.53,55.9,61.1,12.2,11.2,0.497,16.4,42.4,0.26,6.58698,69.08823529,60.23529412,0
Ohio State NCAA,0.714,8.12,17,3,5,5,65.1,106.1,0.423,0.329,0.54,50.2,49.9,11.8,12.2,0.503,14.9,29.6,0.291,5.79768,69.48571429,59.77142857,0
Creighton NCAA,0.714,8.95,13,4,7,4,72.9,112.3,0.277,0.358,0.592,49.3,55.5,8.4,7.6,0.576,15.2,24.8,0.189,6.3903,81.82857143,72.82857143,0
Wichita State NCAA,0.758,5.46,13,3,9,2,70,117.3,0.348,0.392,0.583,57.1,63.7,6.6,11.1,0.551,14.1,35.5,0.257,4.13868,82.75757576,71.63636364,0
Texas Christian NCAA,0.636,9.68,15,3,3,7,70,115,0.342,0.352,0.59,54.5,62.8,9.1,9.4,0.566,15.4,34,0.241,6.15648,82.06060606,75.36363636,0
Creighton NCAA,0.636,8.1,16,2,4,7,72.9,113.7,0.259,0.45,0.599,51,58.3,7.7,6.7,0.575,13.9,22.3,0.194,5.1516,83.51515152,74.06060606,0
Texas NCAA,0.588,9.07,13,5,4,7,62.9,105.9,0.365,0.341,0.531,56,55.5,5.9,20,0.491,16.8,37.9,0.265,5.33316,67.35294118,60.26470588,0
Baylor NCAA,0.647,9.76,15,5,6,5,67.6,112.8,0.375,0.286,0.555,55.6,64.6,11.6,11.2,0.518,15.5,40.1,0.272,6.31472,77.08823529,69.58823529,0
Arizona NCAA,0.771,6.84,15,1,8,3,68.7,115.6,0.37,0.321,0.598,55.6,52.6,7.1,12,0.563,15.3,33.2,0.281,5.27364,80.51428571,71.68571429,0
Pittsburgh NCAA,0.636,8.75,15,4,3,6,66.4,112.2,0.357,0.307,0.551,55.2,62.3,7.3,10,0.511,14.6,36.9,0.269,5.565,75.03030303,67.27272727,0
University of California NCAA,0.676,7.87,18,0,4,7,68.2,108.5,0.417,0.337,0.55,54.5,48.3,5.9,10.9,0.522,15.3,32.6,0.274,5.32012,74.85294118,67.32352941,0
Marquette NCAA,0.594,8.6,14,3,4,6,71.1,115.2,0.31,0.415,0.607,49.6,57.1,10.1,9.3,0.576,15.5,27,0.242,5.1084,82.21875,75.5625,0
Cincinnati NCAA,0.794,5.28,18,1,7,3,63.6,107.5,0.387,0.309,0.519,53.2,52.8,12.4,16,0.477,14.4,39.1,0.274,4.19232,68.38235294,58.41176471,0
Cincinnati NCAA,0.667,5.25,14,3,6,6,65.5,108.9,0.332,0.366,0.527,53.2,59.7,11.6,15.5,0.493,13.7,36.6,0.234,3.50175,73.27272727,63.33333333,0
Oklahoma NCAA,0.697,8.97,14,3,5,4,71.7,112.9,0.394,0.37,0.56,50.9,53.1,9.4,8.4,0.517,13.5,32.4,0.295,6.25209,81.93939394,76,0
Kansas State NCAA,0.6,10.48,11,5,5,6,67.5,106.4,0.412,0.363,0.56,49.2,60,11.4,10.3,0.527,16.8,29.5,0.286,6.288,72.08571429,67.77142857,0
Texas NCAA,0.606,11.71,14,3,5,5,66.8,106.1,0.394,0.361,0.526,49.1,46.3,7.5,11.6,0.494,13.2,30.7,0.263,7.09626,71.36363636,68.27272727,0
Arkansas NCAA,0.657,9.85,15,2,3,7,71.3,111.8,0.374,0.321,0.565,48.9,49.9,8.6,13.8,0.538,13.2,28.7,0.255,6.47145,80.54285714,75.62857143,0
Seton Hall NCAA,0.735,8.28,13,3,7,4,70.7,104.5,0.404,0.297,0.529,52.4,51,10.4,11.4,0.498,16.4,34.7,0.266,6.0858,74.17647059,67.79411765,0
Minnesota NCAA,0.706,8.82,17,3,5,5,70.3,104.6,0.396,0.299,0.528,50.5,57.2,7.9,15.9,0.487,14,29.6,0.281,6.22692,75.17647059,69.44117647,0
Virginia Commonwealth NCAA,0.743,4.78,15,0,6,5,70.4,105,0.352,0.339,0.512,50.6,49.8,15.6,11.5,0.479,14.2,34.3,0.237,3.55154,74.97142857,65.2,0
Miami (FL) NCAA,0.636,9.57,14,2,4,6,64.7,106.3,0.343,0.326,0.544,53,47.8,9.9,10.5,0.51,16.6,33.4,0.246,6.08652,69.03030303,64.12121212,0
Virginia Tech NCAA,0.636,6.72,14,4,6,5,69.9,112.9,0.365,0.399,0.602,48.8,58.2,8.2,6.6,0.577,15.3,23.7,0.259,4.27392,79.81818182,72.18181818,0
Texas NCAA,0.559,10.67,13,4,3,7,66.9,103.9,0.33,0.381,0.527,50,44.7,8.9,12.8,0.5,14.6,29.3,0.219,5.96453,72.05882353,68.76470588,0
Missouri NCAA,0.606,9.19,13,3,5,6,67.3,107.1,0.39,0.453,0.573,53.2,55.8,7.6,11.3,0.537,18.3,31.1,0.286,5.56914,72.6969697,68.06060606,0
Oklahoma NCAA,0.563,10.56,13,2,2,9,76.5,109.7,0.332,0.405,0.569,49.8,50.2,8.4,11,0.535,15.2,28.3,0.247,5.94528,84.9375,81.6875,0
Michigan NCAA,0.639,7.92,13,4,4,6,65.7,111.9,0.278,0.44,0.573,49.2,56.7,8.6,6.4,0.546,13.1,24.7,0.205,5.06088,73.77777778,67.38888889,0
Providence NCAA,0.647,9.5,13,4,5,6,65.7,105.4,0.407,0.289,0.526,52.9,57.2,10.8,13.5,0.484,15.3,35.1,0.287,6.1465,69.70588235,65.5,0
Vanderbilt NCAA,0.543,10.72,11,5,5,6,67.1,105.6,0.348,0.486,0.563,50,55.2,6.2,9.8,0.521,16.3,24.7,0.271,5.82096,71.11428571,68.14285714,0
Southern California NCAA,0.618,7.64,16,2,3,7,72.5,109.4,0.351,0.322,0.549,51.1,51.3,8.6,12.5,0.522,14.3,32.1,0.237,4.72152,80.5,74.61764706,0
Arizona State NCAA,0.636,7.41,16,1,4,7,69,107.2,0.425,0.371,0.558,48.4,56.3,7.2,12.8,0.524,14.5,24.5,0.295,4.71276,75.33333333,69.42424242,0
Dayton NCAA,0.75,4.27,15,1,7,3,69.4,108.9,0.436,0.381,0.571,49.7,61,11.2,11.9,0.538,15,25.8,0.301,3.2025,75.875,66.4375,0
Oklahoma State NCAA,0.563,9.63,12,4,3,8,64.6,103.6,0.387,0.388,0.547,48.6,49.9,12.1,13.7,0.507,16.6,27.8,0.281,5.42169,67.5,62.84375,0
Indiana NCAA,0.588,7.2,15,4,3,6,66.9,115.3,0.327,0.395,0.573,52.2,51.2,7.4,7.8,0.544,14.6,35.2,0.235,4.2336,77.44117647,71.70588235,0
Southern Methodist NCAA,0.794,3.57,16,2,8,4,63.3,108.8,0.44,0.229,0.555,55,63,11,14.7,0.517,16.8,37.1,0.309,2.83458,69.11764706,59.76470588,0
Purdue NCAA,0.618,7.64,14,3,4,6,64.9,106.4,0.417,0.324,0.539,53.5,61.1,8.3,13.6,0.502,16.8,36.5,0.285,4.72152,69.85294118,64.55882353,0
North Carolina State NCAA,0.636,6.7,16,3,4,5,72.1,112.3,0.342,0.344,0.562,50.3,55,10.2,9.2,0.534,14.3,33.3,0.238,4.2612,81.27272727,75.06060606,0
Miami (FL) NCAA,0.688,6.96,11,3,8,4,67.8,107.9,0.291,0.36,0.551,50.6,48.5,9.6,11,0.531,14.6,29.1,0.192,4.78848,73.78125,67.90625,0
Maryland NCAA,0.727,8.29,13,5,8,2,68.1,108.1,0.398,0.411,0.557,50.3,57.1,8,11.9,0.523,16.3,31.1,0.278,6.02683,73.87878788,68.06060606,0
Virginia Commonwealth NCAA,0.722,6.1,12,4,8,4,66.4,106.5,0.373,0.399,0.518,49.2,50.9,14,12.5,0.487,13.2,31.8,0.245,4.4042,72.47222222,65.77777778,0
Virginia Tech NCAA,0.667,8.38,15,2,4,6,69.8,112.5,0.409,0.397,0.603,48.2,56,5.6,7,0.569,15.5,23.4,0.301,5.58946,79.09090909,74.6969697,0
New Mexico NCAA,0.794,4.84,13,2,8,2,65.6,111.2,0.466,0.32,0.556,53.8,61.6,7.2,13.3,0.511,13.8,32.5,0.338,3.84296,74,66.11764706,0
Georgia NCAA,0.636,8.6,12,4,8,4,64.8,102.8,0.477,0.311,0.53,53,55,8.4,12.4,0.485,16.5,32.2,0.331,5.4696,68.18181818,64.36363636,0
Texas Tech NCAA,0.594,10.25,14,3,3,7,66.7,106.7,0.422,0.304,0.547,50.1,53.2,8.8,11.8,0.5,15.5,31.2,0.314,6.0885,72.03125,69.875,0
San Diego State NCAA,0.667,3.91,13,2,5,7,70.4,109.6,0.357,0.36,0.553,53.7,54.1,8.9,9.4,0.519,14.6,31.8,0.255,2.60797,77.12121212,67.87878788,0
Kansas State NCAA,0.606,8.47,15,2,2,7,65.6,104.2,0.403,0.325,0.52,50.7,63,9.4,8,0.488,15.6,34.7,0.264,5.13282,69.09090909,65.42424242,0
Seton Hall NCAA,0.636,9.25,12,2,4,6,69,104.9,0.376,0.307,0.526,54.7,46.4,9.9,6.6,0.499,16.4,35.7,0.242,5.883,73.24242424,70.39393939,0
Colorado NCAA,0.647,7.64,16,1,4,7,70.8,106.3,0.398,0.319,0.534,55.7,53.3,7.3,11.6,0.488,15.8,35.3,0.293,4.94308,75.76470588,70.79411765,0
Davidson NCAA,0.75,3.19,14,1,9,4,67.2,117.1,0.287,0.456,0.578,50.3,60.9,7.9,7.5,0.556,12.2,30,0.203,2.3925,79.03125,69.40625,0
St. John's (NY) NCAA,0.636,9.04,15,3,5,6,67.6,104.6,0.363,0.301,0.529,47.4,48.9,11,16.8,0.494,13.7,28.4,0.251,5.74944,71,67.87878788,0
Brigham Young NCAA,0.657,5.72,14,1,5,7,73.5,111.9,0.483,0.228,0.545,53.3,53.8,9.6,7.3,0.503,12.8,34.7,0.334,3.75804,83.74285714,77.31428571,0
Virginia Commonwealth NCAA,0.743,3.77,15,1,7,4,69,106.8,0.364,0.294,0.544,51.8,55.6,10.7,10.6,0.51,15.3,31.2,0.257,2.80111,74.74285714,66.94285714,0
Louisiana State NCAA,0.667,5.63,13,4,8,3,69.6,103.1,0.335,0.284,0.533,51.5,57.8,10.2,14,0.503,17.3,33.9,0.229,3.75521,73.42424242,67.66666667,0
Mississippi NCAA,0.618,7.01,9,7,8,4,67,107.9,0.361,0.331,0.527,51.8,53.1,9.8,11.3,0.478,13.9,34.8,0.279,4.33218,72.79411765,68.41176471,0
Providence NCAA,0.657,7.85,13,3,5,6,64.9,109.1,0.419,0.317,0.539,52.4,56.1,8.3,12,0.483,14.6,35.4,0.328,5.15745,73.31428571,69.8,0
Dayton NCAA,0.758,4.76,14,3,8,2,68.6,104.5,0.408,0.35,0.546,53.2,57.4,8.6,12.2,0.516,16.3,28.7,0.272,3.60808,72.51515152,65.93939394,0
Providence NCAA,0.6,10.23,13,4,4,7,69.5,104,0.386,0.329,0.534,49.6,53.9,9.6,9.8,0.496,15.1,28.7,0.272,6.138,73.57142857,72.68571429,0
Davidson NCAA,0.636,2.57,11,1,6,8,65.3,115.6,0.246,0.484,0.602,50.8,61.3,7.1,6.1,0.574,13.1,22.3,0.196,1.63452,76.33333333,67.87878788,0
Colorado NCAA,0.657,8.8,16,2,5,6,67,103.7,0.483,0.304,0.534,54.3,48.8,8.7,9,0.483,16.8,34,0.346,5.7816,70.2,68.2,0
Massachusetts NCAA,0.727,6,11,2,7,4,71.7,105.3,0.392,0.261,0.538,51.9,55.4,9.5,12.3,0.504,16.1,34.4,0.268,4.362,75.81818182,71.21212121,0
George Washington NCAA,0.727,4.42,14,1,6,5,68,107.3,0.466,0.284,0.546,52.5,54.9,10.4,11.2,0.515,16.2,35.1,0.304,3.21334,73.18181818,67,0
Nevada NCAA,0.8,2.03,13,1,8,4,70.9,112,0.413,0.402,0.561,52.4,59.9,7.6,11,0.525,13.4,30.3,0.291,1.624,79.77142857,71.31428571,0
Oregon State NCAA,0.594,9.26,12,3,4,7,68.4,105.1,0.373,0.319,0.53,48.3,53.3,10.8,9.7,0.499,14.3,29.2,0.25,5.50044,71.90625,70.125,0
Nebraska NCAA,0.594,8.5,15,1,3,8,65.4,102.2,0.423,0.335,0.528,48.6,42.3,10.6,9.3,0.483,14.7,25.7,0.303,5.049,66.78125,65.15625,0
New Mexico State NCAA,0.824,-1.1,14,1,8,3,70.1,107.5,0.287,0.367,0.538,56,49.9,7.9,8.6,0.519,15.2,34.2,0.184,-0.9064,75.64705882,64.20588235,0
Saint Joseph's NCAA,0.706,5.08,11,4,8,4,66,108.1,0.436,0.369,0.563,52,56.7,6.7,11.9,0.539,15.9,29,0.281,3.58648,71.55882353,67.58823529,0
North Carolina State NCAA,0.611,7.44,13,6,6,6,64.9,108.1,0.37,0.255,0.529,49.5,49.1,7.3,10.8,0.5,13.4,34.2,0.243,4.54584,71.13888889,69.55555556,0
St. Bonaventure NCAA,0.765,2.61,13,1,9,4,69.4,109.5,0.405,0.337,0.561,50.5,53.4,10,10.8,0.516,14.3,29.2,0.305,1.99665,77.05882353,70.79411765,0
Stephen F. Austin NCAA,0.853,-4.2,15,1,10,3,68,115.2,0.427,0.37,0.594,54.2,65.4,11.2,10,0.557,17.5,37.9,0.314,-3.5826,78.58823529,64.35294118,0
North Carolina-Wilmington NCAA,0.829,-0.55,13,1,11,3,71.5,118.1,0.317,0.411,0.578,51.6,52.7,9.3,8.2,0.555,12.4,32.8,0.219,-0.45595,84.77142857,74.97142857,0
Buffalo NCAA,0.697,1.6,11,2,9,7,68.7,108.5,0.426,0.303,0.533,52,51.7,10.9,11.3,0.487,14.1,34.5,0.306,1.1152,74.60606061,68.27272727,0
Temple NCAA,0.636,6.57,11,3,8,4,65.8,102.4,0.266,0.375,0.498,49.3,54.1,7.8,7.8,0.47,11.8,29.1,0.182,4.17852,68.6969697,67.57575758,0
East Tennessee State NCAA,0.771,-2.11,13,2,8,5,71.4,110.2,0.432,0.352,0.587,53.1,53.8,11.6,13.6,0.555,18,31.3,0.304,-1.62681,79.48571429,69.65714286,0
Murray State NCAA,0.813,-3.53,14,2,10,3,68.2,115.3,0.381,0.399,0.591,54.1,54.1,9.9,8.7,0.558,15.3,33,0.28,-2.86989,78.59375,66.15625,0
South Dakota State NCAA,0.8,-0.38,15,0,8,5,72.3,115.6,0.354,0.432,0.59,52.2,46.6,6.7,5.9,0.554,12.3,24.7,0.269,-0.304,84.51428571,74.25714286,0
Vermont NCAA,0.829,-3.27,16,1,11,3,65.4,112.4,0.341,0.325,0.58,52.8,50.5,8.7,11.4,0.554,15,30.3,0.239,-2.71083,73.45714286,62.11428571,0
Princeton NCAA,0.767,-1.84,10,1,10,4,65.2,109.5,0.242,0.46,0.562,50,55.2,10.2,9.5,0.537,13.5,24.4,0.179,-1.41128,71.63333333,61.43333333,0
Valparaiso NCAA,0.824,-2,15,1,8,4,63.8,108.6,0.368,0.338,0.548,55.1,52.9,9.3,14.1,0.52,16.4,35.6,0.248,-1.648,69.58823529,59.44117647,0
Montana NCAA,0.765,-2.25,14,0,8,6,70,108.7,0.386,0.272,0.549,53.3,45.3,10.9,9.2,0.513,15,33.1,0.273,-1.72125,77.20588235,68.5,0
North Carolina-Wilmington NCAA,0.758,0.35,12,2,8,5,71.3,110,0.373,0.332,0.546,50.6,47.2,10.3,11.2,0.512,13.5,32.2,0.262,0.2653,79.39393939,72.09090909,0
Tulsa NCAA,0.618,1.17,11,3,6,7,68.7,105,0.471,0.318,0.532,50.3,51.1,9.9,10.5,0.492,14.5,30.2,0.318,0.72306,72.67647059,67.61764706,0
New Mexico State NCAA,0.722,-2.58,14,1,8,7,66.9,113.8,0.535,0.273,0.576,53.5,50.6,6.9,13.5,0.539,16,37.5,0.368,-1.86276,76.97222222,67.08333333,0
Manhattan NCAA,0.758,-0.9,9,3,12,4,70.3,107.1,0.555,0.307,0.547,50.7,52.3,11.5,15.3,0.507,16.8,34.4,0.368,-0.6822,76.96969697,70.03030303,0
Bucknell NCAA,0.743,-2.48,14,2,9,6,70.7,107.9,0.372,0.384,0.578,50.6,54.1,10.2,9.7,0.553,16.8,26.7,0.253,-1.84264,76.25714286,67.88571429,0
South Dakota State NCAA,0.765,-1.22,13,0,8,7,68.8,110.8,0.402,0.367,0.558,53.7,43.4,7.2,6.6,0.515,14.7,32.5,0.298,-0.9333,76.20588235,68.11764706,0
Fresno State NCAA,0.714,2.24,16,2,6,7,70.1,105.7,0.379,0.3,0.524,50.4,50.3,11.9,11.8,0.487,13.1,31.1,0.263,1.59936,75.14285714,70.71428571,0
New Mexico State NCAA,0.824,-3.82,17,1,8,4,70,112.1,0.431,0.382,0.568,54.4,55.3,6.9,9.6,0.531,16.5,36.7,0.307,-3.14768,78.76470588,67.94117647,0
North Carolina-Greensboro NCAA,0.771,-3.87,16,1,8,6,66.9,107.1,0.265,0.452,0.548,55,52.7,11.2,12.4,0.525,17.1,34.1,0.185,-2.98377,73.2,62.54285714,0
Bucknell NCAA,0.714,-3.46,15,1,10,8,72.4,110.3,0.425,0.392,0.576,50.8,52.3,7.5,10.4,0.539,15.1,26.9,0.306,-2.47044,81.05714286,73.11428571,0
Harvard NCAA,0.733,-0.25,12,2,9,4,61.2,103.2,0.393,0.266,0.524,52.5,57.2,11.4,13.1,0.481,16,32.7,0.283,-0.18325,64.2,57.56666667,0
North Carolina Central NCAA,0.824,-8.03,14,0,11,5,64.7,112.5,0.476,0.297,0.559,52.6,59,11.7,12.4,0.513,14.8,36.6,0.347,-6.61672,73.91176471,59.5,0
Wyoming NCAA,0.714,-0.04,17,2,5,7,58.3,103.1,0.394,0.397,0.56,49.9,67.1,9.2,8.9,0.526,16.9,22.3,0.277,-0.02856,61.45714286,56.4,0
Stony Brook NCAA,0.788,-5.28,15,1,11,5,67.8,112,0.32,0.3,0.548,55.4,58,9.1,12.1,0.524,14.2,36,0.215,-4.16064,76.21212121,64.09090909,0
New Mexico State NCAA,0.676,-3.67,15,2,6,8,62.9,107.5,0.441,0.257,0.548,54.9,50.2,10.2,9.2,0.509,18.2,39.9,0.306,-2.48092,68.11764706,59.79411765,0
UC-Irvine NCAA,0.618,0.45,10,3,6,9,63.7,105.2,0.292,0.301,0.544,51.2,56.2,8.9,12.6,0.52,15.8,30.2,0.2,0.2781,67.5,62.14705882,0
Iona NCAA,0.667,-1.78,11,2,8,6,72.5,109.5,0.324,0.44,0.566,49.7,60,10.3,10.6,0.538,15.4,29.2,0.23,-1.18726,79.63636364,74.27272727,0
Chattanooga NCAA,0.829,-3.46,13,1,10,4,68.1,110.5,0.413,0.371,0.565,52.3,56.2,11.3,13.1,0.524,15.7,32.6,0.304,-2.86834,75.77142857,67.54285714,0
Georgia State NCAA,0.686,-2.78,11,3,9,6,68,108.7,0.303,0.413,0.562,47.7,48.6,10.6,15.1,0.54,14.5,25.6,0.205,-1.90708,74.68571429,67.31428571,0
Louisiana NCAA,0.657,-0.28,13,2,6,9,71.2,111.4,0.429,0.315,0.554,52.3,47.8,9.8,10.2,0.522,15.2,36.3,0.288,-0.18396,81,75.22857143,0
Delaware NCAA,0.714,-1.1,10,2,11,7,70.9,111.7,0.439,0.345,0.546,48.1,40.3,8.4,8.5,0.504,11.6,29.1,0.312,-0.7854,79.48571429,75.65714286,0
Stephen F. Austin NCAA,0.8,-6.46,16,1,9,5,73.8,109.1,0.398,0.316,0.576,52.6,49.8,14,9.7,0.544,18.1,33.3,0.28,-5.168,80.54285714,68.17142857,0
Cal State Bakersfield NCAA,0.727,-5.15,14,1,7,7,68.4,105.8,0.374,0.27,0.527,52.8,59,11.6,14.2,0.497,15.1,34.6,0.245,-3.74405,72.87878788,63.75757576,0
Wofford NCAA,0.8,-2.98,13,1,10,5,62.7,106.2,0.382,0.331,0.547,51.1,56.4,10.4,7.2,0.516,15.1,29.1,0.262,-2.384,66.6,59.68571429,0
Florida Gulf Coast NCAA,0.765,-3.42,16,3,10,3,69.3,113.8,0.329,0.315,0.579,53.9,52.3,8.7,9.7,0.554,15.3,33.9,0.231,-2.6163,79.44117647,69.29411765,0
Pennsylvania NCAA,0.727,-3.17,11,3,9,4,70.2,105.3,0.334,0.427,0.555,51,56.9,8.2,7,0.533,14.8,23.6,0.22,-2.30459,75.93939394,68.90909091,0
Northeastern NCAA,0.657,-1.34,9,3,8,7,63.5,106.7,0.413,0.305,0.581,54.2,59.7,8.1,9.3,0.545,19,30.1,0.3,-0.88038,68.48571429,65.11428571,0
College of Charleston NCAA,0.765,-3.29,14,0,7,6,65.9,111.1,0.367,0.378,0.567,49.6,44.2,7.8,9.8,0.527,13.2,25.6,0.277,-2.51685,74.58823529,68.55882353,0
Western Michigan NCAA,0.697,-1.45,13,2,6,7,66.5,106.5,0.508,0.352,0.568,51.3,48.3,8.7,9.6,0.52,18.2,31.6,0.368,-1.01065,71.90909091,67.72727273,0
Winthrop NCAA,0.788,-6.12,13,3,12,3,71.5,108.3,0.37,0.429,0.568,50.3,47.5,8.9,13.1,0.535,15.7,27.1,0.266,-4.82256,79.24242424,70.36363636,0
Buffalo NCAA,0.571,0.9,10,5,5,9,72.6,105.9,0.414,0.37,0.54,51.7,48.2,9.4,9.2,0.499,15.9,32.2,0.294,0.5139,77.4,75.25714286,0
Green Bay NCAA,0.639,-0.67,11,3,8,9,77.3,107.1,0.429,0.311,0.533,48.7,47.8,12.7,11.1,0.5,13.5,30.9,0.282,-0.42813,83.69444444,80,0
North Carolina-Asheville NCAA,0.647,-3.25,11,3,6,7,70.4,105.8,0.41,0.306,0.541,51.5,47,12.9,9,0.505,15.9,31.9,0.284,-2.10275,75.05882353,68.02941176,0
Iona NCAA,0.629,-2.47,8,4,7,7,72.3,110,0.31,0.4,0.569,48.2,55.3,9.3,7.7,0.534,14.6,27,0.238,-1.55363,80.37142857,76.82857143,0
Kent State NCAA,0.611,-1.63,10,6,7,5,70.7,107,0.328,0.349,0.521,54,45.5,8.9,9.7,0.484,14.9,38.7,0.236,-0.99593,77,73,0
Eastern Washington NCAA,0.743,-3.84,13,2,11,6,68.3,117.1,0.352,0.421,0.591,50,46.5,9.1,13,0.562,13.6,29.9,0.255,-2.85312,80.57142857,73.94285714,0
American NCAA,0.606,-3.25,11,3,9,9,60.7,103.4,0.35,0.358,0.584,50.6,65.8,9.8,9.9,0.558,20.7,26.5,0.248,-1.9695,63.06060606,59.12121212,0
Eastern Kentucky NCAA,0.706,-4.34,12,2,8,6,67.5,116.3,0.441,0.446,0.611,44.3,56.5,13,6.4,0.574,14.1,23.6,0.331,-3.06404,78.73529412,70.91176471,0
Wright State NCAA,0.714,-3.64,14,2,8,7,70,101.4,0.358,0.348,0.529,51.8,52.7,9.4,6.5,0.491,16.3,28.8,0.256,-2.59896,71.42857143,65.91428571,0
Belmont NCAA,0.667,-2.77,12,2,7,8,67.5,109.9,0.324,0.48,0.589,50.3,58.7,9.4,5.5,0.567,17.8,29,0.225,-1.84759,74.24242424,70.60606061,0
Weber State NCAA,0.743,-5.13,13,1,6,7,68.6,109.4,0.436,0.416,0.585,52.6,52.5,7.2,7.7,0.559,16.9,26.5,0.294,-3.81159,76.05714286,66.97142857,0
Northern Kentucky NCAA,0.686,-2.84,12,2,8,7,70.8,107.3,0.363,0.422,0.557,53.1,52.4,8.1,7.1,0.529,16.4,31.7,0.247,-1.94824,75.97142857,71.62857143,0
Albany (NY) NCAA,0.727,-5.18,12,3,12,5,61.2,106.4,0.39,0.343,0.546,53.5,47.9,9.2,5.5,0.499,16.2,32.6,0.296,-3.76586,65.33333333,60.48484848,0
Florida Gulf Coast NCAA,0.6,-3.82,16,4,4,8,69.7,108.1,0.369,0.25,0.546,53.5,47.9,9.2,10.3,0.523,15,32.9,0.238,-2.292,77.22857143,70.65714286,0
Cal State Fullerton NCAA,0.625,-1.02,9,4,7,7,70,102.7,0.433,0.291,0.559,51.1,50.1,8.9,8.6,0.516,18,26.8,0.316,-0.6375,72.4375,70.15625,0
Weber State NCAA,0.613,-4.23,13,2,5,9,64.3,111.3,0.498,0.367,0.592,52.5,55.6,6.5,9,0.547,16.7,28.9,0.369,-2.59299,72.70967742,66.48387097,0
Coastal Carolina NCAA,0.706,-6.18,14,2,8,7,65.2,110,0.411,0.333,0.537,55.7,46.1,10.8,10.2,0.5,15,37.5,0.283,-4.36308,71.70588235,62.38235294,0
Cal Poly NCAA,0.412,1.69,6,6,3,12,60.8,103.5,0.326,0.354,0.501,48.8,52.3,9.6,8,0.466,12.4,31.8,0.224,0.69628,62.97058824,63.61764706,0
Milwaukee NCAA,0.6,-0.44,7,6,10,6,67.9,102.6,0.436,0.399,0.541,48.8,58.9,8.3,6.4,0.493,17.1,28.3,0.32,-0.264,70.42857143,70.54285714,0
North Dakota State NCAA,0.697,-3.63,14,0,5,8,61.9,103.7,0.358,0.35,0.534,51.3,42.4,7.6,10.7,0.501,14,25.6,0.248,-2.53011,64.87878788,62.33333333,0
North Dakota NCAA,0.688,-5.45,11,2,7,6,72.9,108.8,0.364,0.305,0.573,50.5,52.6,10.6,7.5,0.542,15.7,26.8,0.26,-3.7496,80.5625,73.65625,0
Lipscomb NCAA,0.697,-3.8,13,2,10,7,77,105,0.405,0.399,0.557,52.2,56,8.4,8,0.518,16.9,28.3,0.291,-2.6486,82.06060606,77.6969697,0
South Dakota State NCAA,0.514,-0.66,11,3,3,12,69.2,109.6,0.404,0.456,0.581,50.7,52.1,7.4,7.2,0.537,16.4,27.4,0.311,-0.33924,76.65714286,77.05714286,0
Radford NCAA,0.639,-4.08,12,2,7,10,63.4,104.3,0.307,0.397,0.528,52.3,52,9.7,9.1,0.494,16.1,33.6,0.223,-2.60712,67.27777778,64.88888889,0
Jacksonville State NCAA,0.571,-3.24,5,5,10,9,65.3,105.7,0.346,0.367,0.559,52.7,57.5,6.8,10.8,0.528,18,31.5,0.247,-1.85004,69.54285714,67.94285714,0
Robert Morris NCAA,0.571,-3.5,10,6,8,8,66.7,102.6,0.355,0.306,0.536,47.9,50.1,12.8,8.1,0.501,17.2,31,0.252,-1.9985,68.97142857,68.48571429,0
Albany (NY) NCAA,0.559,-5.22,10,3,7,11,63,103.3,0.42,0.261,0.539,52.5,49.2,8.5,8.6,0.488,17.1,31.9,0.315,-2.91798,65.85294118,63.94117647,0
Lafayette NCAA,0.606,-3.12,11,5,9,7,64.8,112.9,0.305,0.356,0.589,48.3,58.9,8.4,6.9,0.557,15.1,28.4,0.234,-1.89072,73.51515152,73,0
Mount St. Mary's NCAA,0.556,-3.51,11,4,8,11,68.4,99.1,0.324,0.369,0.536,44.5,46,9,9.6,0.51,17.1,23,0.218,-1.95156,67.94444444,68.72222222,0
Wofford NCAA,0.606,-5.95,9,4,8,8,63,105.6,0.328,0.302,0.529,51,52.4,9.8,4.6,0.502,14.4,31.7,0.218,-3.6057,66.81818182,62.24242424,0
UC-Davis NCAA,0.639,-4.68,11,0,6,9,70.2,98.9,0.412,0.316,0.526,50.8,52.8,7.9,9,0.49,17.6,28.9,0.278,-2.99052,70.13888889,69.61111111,0
Coastal Carolina NCAA,0.618,-6.31,14,5,6,7,68.6,104.2,0.385,0.319,0.528,53.2,42,9.2,8.6,0.491,16.9,35.1,0.266,-3.89958,72.29411765,68.41176471,0
Texas Southern NCAA,0.629,-6.09,9,1,10,11,64.5,103.6,0.468,0.312,0.531,50,45.8,9.3,7.7,0.495,16.8,33.8,0.309,-3.83061,68.28571429,68.17142857,0
Austin Peay NCAA,0.5,-2.98,7,7,7,9,70.5,106.4,0.457,0.315,0.549,51.8,50.7,9.7,7.7,0.516,16.8,33,0.306,-1.49,76.11111111,76.80555556,0
Texas Southern NCAA,0.657,-7.81,10,0,11,11,69.7,105.5,0.443,0.344,0.532,48.4,47.2,10.2,7.4,0.481,14.3,31.6,0.326,-5.13117,74.08571429,72.68571429,0
Texas Southern NCAA,0.444,-5.53,8,2,5,17,72.7,105.7,0.429,0.37,0.548,48.5,47.4,7.8,9.3,0.505,15.1,28.2,0.311,-2.45532,77.41666667,79.41666667,0
Hampton NCAA,0.486,-7.08,6,5,5,12,69.5,96.1,0.438,0.326,0.496,50.1,46.7,9.6,10.5,0.456,17.3,31.8,0.286,-3.44088,67.02857143,68.2,0
Hampton NCAA,0.656,-8.45,9,2,8,7,71.7,101,0.414,0.345,0.502,53.1,47,7.2,9,0.464,15.7,34.6,0.273,-5.5432,73.84375,74.0625,0
Holy Cross NCAA,0.429,-6.11,8,6,5,13,64.6,98.4,0.361,0.409,0.515,45.6,61.9,9.5,7.8,0.479,14.9,23.1,0.248,-2.62119,64.77142857,69.85714286,0
Wisconsin NCAA,0.697,11.46,12,3,8,5,64.9,104.5,0.275,0.341,0.535,49.8,49.3,7.7,11.3,0.515,12.8,24,0.178,7.98762,69.06060606,61.42424242,0
Cincinnati NCAA,0.824,5.11,16,2,7,4,64.9,109.7,0.381,0.331,0.529,53.9,54.1,9.4,14.7,0.49,13.4,37.2,0.268,4.21064,71.70588235,62.20588235,0
Kansas State NCAA,0.758,9.22,13,2,7,5,65,101.3,0.307,0.382,0.521,50.8,57.9,11.7,7.8,0.495,15.1,27.9,0.204,6.98876,65.81818182,59.24242424,0
Mississippi State NCAA,0.697,9.54,14,3,5,5,68.5,112,0.323,0.39,0.573,52.8,51.4,11.7,13.6,0.546,16.5,34.8,0.231,6.64938,77.33333333,70.12121212,0
Marquette NCAA,0.727,7.55,16,3,6,4,70.6,108.9,0.359,0.417,0.578,53.1,51.8,6.8,11.2,0.541,17,29.1,0.272,5.48885,77.72727273,69.09090909,0
Saint Mary's (CA) NCAA,0.667,4.44,14,3,5,5,64.5,112.6,0.297,0.35,0.57,54.4,37.9,9.3,6.9,0.54,14.1,31.2,0.221,2.96148,72.90909091,64.36363636,0
Virginia Commonwealth NCAA,0.781,2.75,16,1,8,4,69,102.7,0.36,0.411,0.539,51,55.4,11.5,12.3,0.506,17.4,31.3,0.251,2.14775,71.4375,61.59375,0
Iowa State NCAA,0.676,9.04,12,4,5,6,68.4,113.3,0.303,0.396,0.577,50.5,54.5,10.2,12.8,0.549,13.9,28.7,0.222,6.11104,77.44117647,68.32352941,0
Nevada NCAA,0.879,2.59,15,0,9,3,71,113.7,0.407,0.427,0.574,51.7,54.6,8.7,11.1,0.541,12.7,26.5,0.288,2.27661,80.66666667,66.66666667,0
Georgia State NCAA,0.727,0.36,13,1,7,7,71.4,107.9,0.355,0.438,0.57,45.7,46.3,11.2,14.4,0.549,14.7,23.5,0.235,0.26172,77.06060606,72.93939394,0
Mississippi NCAA,0.625,8.22,11,5,6,5,69.2,108.5,0.317,0.395,0.569,51.1,54.2,10.5,9.8,0.53,16,30.4,0.248,5.1375,75.40625,70.375,0
St. John's (NY) NCAA,0.636,6.04,11,4,4,7,72.4,105.9,0.294,0.383,0.553,45.7,50.2,12,10,0.523,12.8,21.3,0.213,3.84144,77.51515152,74.78787879,0
Temple NCAA,0.719,4.73,13,2,8,5,70.3,104.8,0.33,0.377,0.537,48,54.8,12.1,6.3,0.501,13.8,26,0.241,3.40087,74.84375,71.15625,0
Syracuse NCAA,0.606,10.65,13,6,6,4,67.3,103.2,0.368,0.428,0.528,48.4,50.3,12.2,16.7,0.495,15.8,30.1,0.251,6.4539,69.72727273,65.6969697,0
Arizona State NCAA,0.688,5.71,13,3,6,5,72.1,106.2,0.436,0.357,0.542,53.1,51.1,8.5,9.7,0.508,15.9,32.4,0.292,3.92848,77.8125,73.0625,0
New Mexico State NCAA,0.882,-2.71,16,1,10,1,68.3,114,0.337,0.466,0.561,57.1,53.5,8.2,8.1,0.537,14.5,36.8,0.227,-2.39022,78.14705882,64.14705882,0
Northeastern NCAA,0.697,-0.95,11,2,8,6,66.2,112.9,0.343,0.463,0.603,50.1,54.7,9.1,5.9,0.572,15.1,22.7,0.257,-0.66215,76.09090909,70.27272727,0
Utah State NCAA,0.824,0.83,14,1,9,4,70,112.4,0.367,0.379,0.578,56.3,62,8.8,12.1,0.541,15.5,32,0.274,0.68392,79.17647059,66.79411765,0
Louisville NCAA,0.606,11.75,14,4,5,6,68.5,107.1,0.351,0.437,0.552,52.5,53.4,6.4,7.9,0.509,15.5,29.2,0.272,7.1205,74.54545455,67.81818182,0
Seton Hall NCAA,0.606,8.91,11,4,3,8,70.1,104.3,0.348,0.364,0.534,49.9,51.8,9.9,11.2,0.499,15.2,29.5,0.247,5.39946,73.93939394,71.48484848,0
North Dakota State NCAA,0.545,-2.5,10,3,4,9,66.7,108.9,0.317,0.474,0.578,48.9,46.3,7.2,6.6,0.543,14.3,20.9,0.245,-1.3625,73.21212121,72.18181818,0
Saint Louis NCAA,0.657,2.06,15,2,4,8,67.1,100,0.397,0.326,0.494,54.5,54.3,10.6,12.1,0.468,15.8,35.8,0.237,1.35342,67.05714286,63.74285714,0
Fairleigh Dickinson NCAA,0.606,-8.19,13,4,7,9,68.6,108.3,0.36,0.344,0.579,49.4,53.2,11,10.2,0.547,17.1,28.9,0.263,-4.96314,75.42424242,71.27272727,0
Montana NCAA,0.765,-5.82,12,2,9,5,68.5,111.6,0.319,0.385,0.591,52,52.3,9.5,8.6,0.57,15.5,27,0.22,-4.4523,76.76470588,68.32352941,0
North Carolina Central NCAA,0.545,-11.37,10,2,4,12,68.6,103.6,0.332,0.361,0.545,54.7,59.9,9.1,7.6,0.512,19,35.1,0.237,-6.19665,71.36363636,66.3030303,0
Gardner-Webb NCAA,0.676,-5.36,13,0,8,9,68.7,111.6,0.385,0.364,0.588,49.5,52.7,9.8,8.8,0.559,14.7,24.8,0.274,-3.62336,78.29411765,70.5,0
Northern Kentucky NCAA,0.765,-3.23,17,1,7,7,69.9,112.4,0.361,0.414,0.578,53.1,60.8,8.9,11.6,0.557,15.4,31,0.24,-2.47095,79.11764706,68.76470588,0
Colgate NCAA,0.706,-4.38,15,1,9,9,67.9,110.5,0.287,0.405,0.585,53,57.1,9,10.2,0.558,16.7,29.6,0.213,-3.09228,75.82352941,70.02941176,0
Bradley NCAA,0.588,-1.46,10,6,5,8,66.1,100.4,0.359,0.347,0.531,50.9,51.9,8.1,11.6,0.497,16.8,27.4,0.249,-0.85848,66.58823529,64.97058824,0
Iona NCAA,0.531,-6.19,8,3,5,9,71.3,107.8,0.371,0.436,0.567,48.5,50.3,9.5,8,0.53,15.4,25,0.275,-3.28689,76.84375,75.625,0
Yale NCAA,0.759,-1.65,11,2,8,5,72.7,110.2,0.311,0.343,0.589,53.2,57.2,8.1,11.2,0.561,16.1,26,0.229,-1.25235,81.13793103,73.20689655,0
Prairie View NCAA,0.647,-9.3,11,0,9,12,72.6,103.4,0.435,0.338,0.529,46.9,48.8,12.2,4.6,0.491,15.2,30,0.296,-6.0171,75.02941176,72.5,0
Vermont NCAA,0.818,-4.66,16,2,11,4,66.3,110.6,0.363,0.397,0.567,53.5,46.4,8.4,12.1,0.529,14.4,27.8,0.273,-3.81188,73.90909091,62.63636364,0
Belmont NCAA,0.839,-3.64,13,1,12,3,74.4,116.6,0.282,0.44,0.605,52.6,62.4,9.1,9.2,0.582,13.8,25.6,0.208,-3.05396,87.41935484,73.87096774,0
Old Dominion NCAA,0.765,-1.5,14,2,8,4,65.5,101.2,0.295,0.373,0.504,53.4,54,8.5,14.1,0.477,15.1,32.3,0.195,-1.1475,66.23529412,60.79411765,0
Abilene Christian NCAA,0.818,-8.1,13,2,10,4,67.3,109.8,0.34,0.343,0.569,50.9,58.4,12.9,8.1,0.54,15.5,29.4,0.243,-6.6258,74.48484848,63.09090909,0
